<?xml version="1.0" encoding="UTF-8"?>
<project-private xmlns="http://www.netbeans.org/ns/project-private/1">
    <editor-bookmarks xmlns="http://www.netbeans.org/ns/editor-bookmarks/2" lastBookmarkId="0"/>
    <open-files xmlns="http://www.netbeans.org/ns/projectui-open-files/2">
        <group>
            <file>file:/C:/Users/Sahitha%20Nelanga/Desktop/apas/src/GA_Help/TSP_GA.java</file>
            <file>file:/C:/Users/Sahitha%20Nelanga/Desktop/apas/src/GA_Help/City.java</file>
            <file>file:/C:/Users/Sahitha%20Nelanga/Desktop/apas/src/GA/Population.java</file>
            <file>file:/C:/Users/Sahitha%20Nelanga/Desktop/apas/src/src/CandidateSolution.java</file>
            <file>file:/C:/Users/Sahitha%20Nelanga/Desktop/apas/src/GA_Help/Population.java</file>
            <file>file:/C:/Users/Sahitha%20Nelanga/Desktop/apas/src/GA_Help/GA.java</file>
            <file>file:/C:/Users/Sahitha%20Nelanga/Desktop/apas/src/GA/GA.java</file>
        </group>
    </open-files>
</project-private>
