<?xml version="1.0" encoding="UTF-8"?>
<project-private xmlns="http://www.netbeans.org/ns/project-private/1">
    <editor-bookmarks xmlns="http://www.netbeans.org/ns/editor-bookmarks/2" lastBookmarkId="0"/>
    <open-files xmlns="http://www.netbeans.org/ns/projectui-open-files/2">
        <group>
            <file>file:/C:/Users/Sahitha%20Nelanga/Documents/NetBeansProjects/Student%20Project%20Allocation/src/view/Data_View.java</file>
            <file>file:/C:/Users/Sahitha%20Nelanga/Documents/NetBeansProjects/Student%20Project%20Allocation/src/view/StudentProjectAllocation.java</file>
            <file>file:/C:/Users/Sahitha%20Nelanga/Documents/NetBeansProjects/Student%20Project%20Allocation/src/view/Home.java</file>
            <file>file:/C:/Users/Sahitha%20Nelanga/Documents/NetBeansProjects/Student%20Project%20Allocation/src/view/Results.java</file>
        </group>
    </open-files>
</project-private>
